,词向量,词频
0,00002.jpg,16
1,00003.jpg,14
2,00004.jpg,21
3,00006.jpg,20
4,00008.jpg,20
5,00009.jpg,14
6,00011.jpg,16
7,00012.jpg,20
8,00013.jpg,14
9,00015.jpg,14
10,00016.jpg,14
11,00017.jpg,20
12,00018.jpg,20
13,00019.jpg,21
14,00020.jpg,20
15,00021.jpg,20
16,00022.jpg,20
17,00023.jpg,20
18,00024.jpg,20
19,00025.jpg,20
20,00026.jpg,20
21,00027.jpg,20
22,00028.jpg,20
23,00029.jpg,20
24,00030.jpg,21
25,00031.jpg,21
26,00032.jpg,21
27,00033.jpg,20
28,00034.jpg,20
29,00035.jpg,20
30,00036.jpg,20
31,00038.jpg,20
32,00039.jpg,20
33,00040.jpg,20
34,00041.jpg,20
35,00042.jpg,20
36,00043.jpg,20
37,00044.jpg,20
38,00045.jpg,20
39,00046.jpg,21
40,00047.jpg,21
41,00048.jpg,20
42,00049.jpg,20
43,00050.jpg,20
44,00052.jpg,20
45,00053.jpg,20
46,00054.jpg,20
47,00056.jpg,20
48,00057.jpg,20
49,00060.jpg,14
50,00062.jpg,14
51,00063.jpg,14
52,00064.jpg,20
53,00065.jpg,14
54,00066.jpg,21
55,00068.jpg,20
56,00069.jpg,14
57,00070.jpg,14
58,00071.jpg,14
59,00072.jpg,14
60,00073.jpg,20
61,00074.jpg,20
62,00075.jpg,20
63,00076.jpg,20
64,00078.jpg,14
65,00079.jpg,20
66,00080.jpg,20
67,00081.jpg,20
68,00082.jpg,20
69,00083.jpg,14
70,00084.jpg,14
71,00085.jpg,14
72,00086.jpg,14
73,00087.jpg,14
74,00088.jpg,20
75,00091.jpg,20
76,00092.jpg,13
77,00093.jpg,20
78,00095.jpg,20
79,00096.jpg,14
80,00097.jpg,20
81,00098.jpg,20
82,00099.jpg,5
83,00100.jpg,13
84,00101.jpg,13
85,00102.jpg,13
86,00103.jpg,20
87,00104.jpg,20
88,00105.jpg,20
89,00106.jpg,20
90,00107.jpg,5
91,00108.jpg,21
92,00109.jpg,20
93,00111.jpg,20
94,00112.jpg,20
95,00113.jpg,21
96,00114.jpg,21
97,00115.jpg,11
98,00116.jpg,14
99,00117.jpg,20
100,00118.jpg,21
101,00119.jpg,14
102,00120.jpg,14
103,00121.jpg,14
104,00122.jpg,20
105,00123.jpg,20
106,00124.jpg,14
107,00125.jpg,14
108,00126.jpg,14
109,00127.jpg,20
110,00128.jpg,13
111,00129.jpg,13
112,00131.jpg,20
113,00132.jpg,5
114,00133.jpg,20
115,00134.jpg,5
116,00135.jpg,5
117,00137.jpg,20
118,00138.jpg,20
119,00139.jpg,20
120,00140.jpg,20
121,00141.jpg,5
122,00142.jpg,20
123,00143.jpg,20
124,00144.jpg,20
125,00145.jpg,20
126,00146.jpg,20
127,00148.jpg,20
128,00149.jpg,20
129,00151.jpg,20
130,00152.jpg,20
131,00153.jpg,20
132,00154.jpg,14
133,00155.jpg,14
134,00156.jpg,14
135,00157.jpg,14
136,00158.jpg,14
137,00161.jpg,20
138,00163.jpg,14
139,00164.jpg,20
140,00165.jpg,14
141,00168.jpg,20
142,00170.jpg,20
143,00171.jpg,8
144,00172.jpg,16
145,00175.jpg,16
146,00176.jpg,14
147,00177.jpg,20
148,00178.jpg,14
149,00179.jpg,14
150,00180.jpg,14
151,00181.jpg,14
152,00182.jpg,14
153,00183.jpg,14
154,00184.jpg,14
155,00185.jpg,14
156,00187.jpg,14
157,00189.jpg,14
158,00190.jpg,20
159,00191.jpg,14
160,00193.jpg,20
161,00194.jpg,14
162,00195.jpg,20
163,00196.jpg,21
164,00197.jpg,14
165,00199.jpg,20
166,00200.jpg,21
167,00201.jpg,21
168,00202.jpg,20
169,00203.jpg,16
170,00204.jpg,20
171,00206.jpg,14
172,00207.jpg,13
173,00208.jpg,20
174,00209.jpg,20
175,00210.jpg,4
176,00211.jpg,14
177,00212.jpg,14
178,00213.jpg,20
179,00214.jpg,20
180,00215.jpg,20
181,00216.jpg,20
182,00217.jpg,5
183,00218.jpg,5
184,00219.jpg,14
185,00220.jpg,5
186,00221.jpg,14
187,00222.jpg,5
188,00223.jpg,20
189,00224.jpg,5
190,00225.jpg,4
191,00226.jpg,5
192,00227.jpg,20
193,00228.jpg,0
194,00229.jpg,14
195,00230.jpg,14
196,00231.jpg,11
197,00232.jpg,20
198,00233.jpg,20
199,00234.jpg,5
200,00235.jpg,5
201,00236.jpg,20
202,00237.jpg,20
203,00239.jpg,20
204,00240.jpg,21
205,00241.jpg,14
206,00242.jpg,20
207,00243.jpg,14
208,00244.jpg,14
209,00245.jpg,14
210,00246.jpg,5
211,00247.jpg,14
212,00248.jpg,14
213,00249.jpg,20
214,00250.jpg,20
215,00252.jpg,8
216,00253.jpg,14
217,00254.jpg,16
218,00257.jpg,20
219,00259.jpg,20
220,00260.jpg,5
221,00261.jpg,5
222,00263.jpg,5
223,00264.jpg,7
224,00265.jpg,5
225,00266.jpg,0
226,00267.jpg,5
227,00268.jpg,20
228,00269.jpg,20
229,00270.jpg,14
230,00271.jpg,20
231,00272.jpg,5
232,00273.jpg,20
233,00274.jpg,5
234,00275.jpg,21
235,00276.jpg,5
236,00277.jpg,5
237,00278.jpg,13
238,00279.jpg,16
239,00280.jpg,5
240,00281.jpg,0
241,00282.jpg,20
242,00284.jpg,10
243,00285.jpg,5
244,00286.jpg,20
245,00288.jpg,20
246,00289.jpg,20
247,00290.jpg,20
248,00292.jpg,14
249,00293.jpg,20
250,00294.jpg,20
251,00296.jpg,20
252,00297.jpg,20
253,00298.jpg,5
254,00299.jpg,5
255,00300.jpg,5
256,00301.jpg,20
257,00302.jpg,21
258,00305.jpg,21
259,00306.jpg,2
260,00307.jpg,21
261,00308.jpg,21
262,00309.jpg,21
263,00310.jpg,21
264,00311.jpg,21
265,00312.jpg,20
266,00313.jpg,21
267,00314.jpg,20
268,00315.jpg,21
269,00316.jpg,21
270,00317.jpg,20
271,00318.jpg,20
272,00319.jpg,21
273,00320.jpg,20
274,00321.jpg,20
275,00322.jpg,20
276,00323.jpg,20
277,00325.jpg,20
278,00326.jpg,20
279,00327.jpg,20
280,00328.jpg,20
281,00332.jpg,20
282,00333.jpg,2
283,00335.jpg,20
284,00336.jpg,2
285,00337.jpg,20
286,00339.jpg,2
287,00340.jpg,2
288,00341.jpg,20
289,00343.jpg,20
290,00344.jpg,20
291,00345.jpg,21
292,00346.jpg,20
293,00347.jpg,20
294,00348.jpg,16
295,00349.jpg,16
296,00350.jpg,20
297,00351.jpg,20
298,00352.jpg,20
299,00353.jpg,21
300,00354.jpg,2
301,00355.jpg,15
302,00356.jpg,20
303,00357.jpg,16
304,00358.jpg,20
305,00359.jpg,21
306,00360.jpg,15
307,00361.jpg,14
308,00362.jpg,20
309,00363.jpg,20
310,00364.jpg,20
311,00365.jpg,20
312,00366.jpg,20
313,00367.jpg,20
314,00369.jpg,20
315,00370.jpg,20
316,00371.jpg,20
317,00372.jpg,20
318,00373.jpg,20
319,00377.jpg,20
320,00378.jpg,20
321,00379.jpg,20
322,00380.jpg,20
323,00381.jpg,20
324,00382.jpg,21
325,00385.jpg,21
326,00386.jpg,21
327,00387.jpg,21
328,00388.jpg,21
329,00390.jpg,20
330,00391.jpg,14
331,00392.jpg,16
332,00393.jpg,20
333,00394.jpg,13
334,00395.jpg,20
335,00396.jpg,13
336,00397.jpg,20
337,00398.jpg,11
338,00399.jpg,13
339,00400.jpg,16
340,00402.jpg,13
341,00403.jpg,13
342,00404.jpg,13
343,00406.jpg,13
344,00407.jpg,21
345,00409.jpg,20
346,00410.jpg,20
347,00412.jpg,20
348,00415.jpg,20
349,00417.jpg,21
350,00418.jpg,14
351,00419.jpg,14
352,00420.jpg,21
353,00421.jpg,20
354,00422.jpg,20
355,00423.jpg,20
356,00424.jpg,14
357,00425.jpg,20
358,00426.jpg,14
359,00427.jpg,20
360,00428.jpg,13
361,00429.jpg,14
362,00430.jpg,20
363,00431.jpg,20
364,00432.jpg,13
365,00433.jpg,13
366,00434.jpg,14
367,00435.jpg,14
368,00436.jpg,14
369,00437.jpg,20
370,00438.jpg,20
371,00439.jpg,5
372,00440.jpg,20
373,00441.jpg,20
374,00442.jpg,20
375,00443.jpg,13
376,00444.jpg,14
377,00445.jpg,20
378,00448.jpg,20
379,00449.jpg,20
380,00450.jpg,20
381,00451.jpg,20
382,00452.jpg,16
383,00453.jpg,16
384,00454.jpg,20
385,00455.jpg,20
386,00456.jpg,20
387,00457.jpg,21
388,00458.jpg,20
389,00459.jpg,20
390,00460.jpg,21
391,00461.jpg,20
392,00462.jpg,20
393,00463.jpg,20
394,00464.jpg,13
395,00465.jpg,13
396,00466.jpg,14
397,00467.jpg,16
398,00468.jpg,13
399,00469.jpg,13
400,00470.jpg,19
401,00474.jpg,19
402,00477.jpg,5
403,00478.jpg,15
404,00479.jpg,13
405,00482.jpg,20
406,00483.jpg,15
407,00484.jpg,20
408,00485.jpg,20
409,00486.jpg,14
410,00487.jpg,14
411,00489.jpg,5
412,00490.jpg,20
413,00492.jpg,20
414,00493.jpg,16
415,00494.jpg,16
416,00495.jpg,16
417,00496.jpg,16
418,00497.jpg,5
419,00498.jpg,11
420,00499.jpg,11
421,00500.jpg,20
422,00501.jpg,20
423,00502.jpg,20
424,00503.jpg,14
425,00504.jpg,20
426,00505.jpg,5
427,00506.jpg,5
428,00507.jpg,5
429,00509.jpg,5
430,00511.jpg,13
431,00513.jpg,20
432,00514.jpg,20
433,00515.jpg,14
434,00516.jpg,20
435,00517.jpg,14
436,00518.jpg,13
437,00519.jpg,13
438,00520.jpg,13
439,00521.jpg,14
440,00522.jpg,14
441,00523.jpg,14
442,00524.jpg,20
443,00525.jpg,20
444,00526.jpg,20
445,00527.jpg,20
446,00528.jpg,15
447,00529.jpg,13
448,00530.jpg,15
449,00531.jpg,15
450,00533.jpg,13
451,00536.jpg,14
452,00537.jpg,14
453,00538.jpg,14
454,00539.jpg,13
455,00540.jpg,13
456,00541.jpg,5
457,00542.jpg,14
458,00544.jpg,20
459,00545.jpg,20
460,00546.jpg,14
461,00548.jpg,14
462,00549.jpg,14
463,00550.jpg,14
464,00551.jpg,14
465,00552.jpg,20
466,00554.jpg,13
467,00555.jpg,14
468,00556.jpg,13
469,00557.jpg,13
470,00558.jpg,13
471,00559.jpg,13
472,00560.jpg,13
473,00561.jpg,13
474,00562.jpg,13
475,00563.jpg,13
476,00564.jpg,13
477,00565.jpg,13
478,00566.jpg,13
479,00567.jpg,13
480,00569.jpg,14
481,00570.jpg,13
482,00572.jpg,13
483,00574.jpg,13
484,00575.jpg,14
485,00576.jpg,13
486,00577.jpg,13
487,00578.jpg,13
488,00579.jpg,13
489,00580.jpg,14
490,00581.jpg,14
491,00582.jpg,14
492,00583.jpg,14
493,00585.jpg,14
494,00586.jpg,14
495,00587.jpg,20
496,00588.jpg,20
497,00589.jpg,20
498,00590.jpg,20
499,00591.jpg,20
500,00592.jpg,20
501,00593.jpg,20
502,00594.jpg,20
503,00595.jpg,20
504,00596.jpg,20
505,00597.jpg,16
506,00598.jpg,20
507,00599.jpg,20
508,00601.jpg,16
509,00603.jpg,5
510,00604.jpg,13
511,00605.jpg,13
512,00606.jpg,20
513,00607.jpg,20
514,00608.jpg,13
515,00609.jpg,10
516,00610.jpg,13
517,00611.jpg,13
518,00612.jpg,13
519,00614.jpg,14
520,00615.jpg,5
521,00616.jpg,5
522,00617.jpg,5
523,00618.jpg,5
524,00620.jpg,20
525,00621.jpg,5
526,00622.jpg,20
527,00623.jpg,20
528,00624.jpg,20
529,00625.jpg,5
530,00626.jpg,16
531,00627.jpg,15
532,00628.jpg,14
533,00630.jpg,16
534,00631.jpg,5
535,00632.jpg,16
536,00634.jpg,5
537,00635.jpg,16
538,00636.jpg,5
539,00637.jpg,5
540,00638.jpg,20
541,00639.jpg,20
542,00640.jpg,13
543,00641.jpg,13
544,00642.jpg,4
545,00643.jpg,20
546,00644.jpg,15
547,00645.jpg,8
548,00647.jpg,15
549,00648.jpg,15
550,00650.jpg,5
551,00651.jpg,11
552,00652.jpg,8
553,00653.jpg,21
554,00654.jpg,16
555,00655.jpg,16
556,00657.jpg,6
557,00658.jpg,6
558,00659.jpg,13
559,00660.jpg,20
560,00661.jpg,20
561,00662.jpg,15
562,00663.jpg,15
563,00665.jpg,13
564,00666.jpg,8
565,00667.jpg,8
566,00668.jpg,8
567,00669.jpg,13
568,00670.jpg,13
569,00671.jpg,13
570,00673.jpg,5
571,00674.jpg,4
572,00675.jpg,5
573,00676.jpg,5
574,00677.jpg,16
575,00678.jpg,15
576,00680.jpg,6
577,00681.jpg,11
578,00682.jpg,6
579,00683.jpg,14
580,00684.jpg,16
581,00685.jpg,11
582,00686.jpg,20
583,00687.jpg,16
584,00688.jpg,16
585,00689.jpg,20
586,00690.jpg,13
587,00691.jpg,16
588,00692.jpg,15
589,00693.jpg,15
590,00695.jpg,11
591,00696.jpg,13
592,00697.jpg,13
593,00698.jpg,5
594,00700.jpg,6
595,00701.jpg,6
596,00702.jpg,16
597,00703.jpg,14
598,00704.jpg,14
599,00705.jpg,6
600,00706.jpg,13
601,00707.jpg,20
602,00708.jpg,5
603,00709.jpg,20
604,00710.jpg,20
605,00711.jpg,16
606,00712.jpg,20
607,00713.jpg,20
608,00714.jpg,20
609,00715.jpg,20
610,00716.jpg,16
611,00718.jpg,13
612,00719.jpg,16
613,00720.jpg,20
614,00721.jpg,13
615,00722.jpg,16
616,00723.jpg,20
617,00724.jpg,20
618,00725.jpg,8
619,00726.jpg,8
620,00727.jpg,8
621,00728.jpg,20
622,00729.jpg,20
623,00730.jpg,5
624,00732.jpg,20
625,00733.jpg,4
626,00734.jpg,20
627,00735.jpg,10
628,00737.jpg,21
629,00738.jpg,20
630,00740.jpg,15
631,00741.jpg,15
632,00742.jpg,20
633,00743.jpg,5
634,00744.jpg,13
635,00745.jpg,5
636,00746.jpg,20
637,00748.jpg,13
638,00749.jpg,14
639,00750.jpg,14
640,00751.jpg,20
641,00752.jpg,13
642,00753.jpg,13
643,00755.jpg,13
644,00756.jpg,20
645,00757.jpg,16
646,00759.jpg,20
647,00760.jpg,20
648,00761.jpg,15
649,00762.jpg,20
650,00763.jpg,13
651,00764.jpg,15
652,00766.jpg,15
653,00767.jpg,14
654,00768.jpg,13
655,00769.jpg,16
656,00770.jpg,13
657,00772.jpg,4
658,00774.jpg,20
659,00775.jpg,21
660,00777.jpg,15
661,00778.jpg,16
662,00779.jpg,16
663,00782.jpg,5
664,00784.jpg,20
665,00785.jpg,5
666,00786.jpg,20
667,00787.jpg,20
668,00789.jpg,13
669,00790.jpg,13
670,00791.jpg,13
671,00792.jpg,13
672,00793.jpg,13
673,00794.jpg,13
674,00795.jpg,17
675,00796.jpg,17
676,00797.jpg,10
677,00799.jpg,20
678,00800.jpg,13
679,00801.jpg,20
680,00802.jpg,20
681,00803.jpg,16
682,00804.jpg,20
683,00805.jpg,15
684,00806.jpg,15
685,00807.jpg,7
686,00808.jpg,15
687,00809.jpg,16
688,00810.jpg,6
689,00811.jpg,7
690,00812.jpg,13
691,00813.jpg,11
692,00815.jpg,16
693,00816.jpg,16
694,00818.jpg,16
695,00819.jpg,13
696,00820.jpg,15
697,00821.jpg,16
698,00822.jpg,15
699,00823.jpg,20
700,00824.jpg,15
701,00825.jpg,15
702,00826.jpg,16
703,00827.jpg,16
704,00828.jpg,16
705,00829.jpg,16
706,00830.jpg,13
707,00831.jpg,13
708,00832.jpg,20
709,00835.jpg,20
710,00836.jpg,13
711,00837.jpg,20
712,00839.jpg,20
713,00840.jpg,13
714,00841.jpg,13
715,00842.jpg,13
716,00844.jpg,13
717,00845.jpg,5
718,00846.jpg,20
719,00847.jpg,5
720,00848.jpg,5
721,00849.jpg,13
722,00850.jpg,20
723,00851.jpg,19
724,00853.jpg,16
725,00854.jpg,13
726,00855.jpg,4
727,00856.jpg,15
728,00857.jpg,16
729,00858.jpg,13
730,00859.jpg,13
731,00860.jpg,20
732,00861.jpg,16
733,00862.jpg,13
734,00864.jpg,13
735,00865.jpg,13
736,00866.jpg,13
737,00867.jpg,15
738,00868.jpg,15
739,00869.jpg,15
740,00870.jpg,20
741,00871.jpg,20
742,00872.jpg,20
743,00873.jpg,11
744,00874.jpg,16
745,00876.jpg,20
746,00877.jpg,20
747,00878.jpg,20
748,00879.jpg,20
749,00880.jpg,20
750,00881.jpg,20
751,00883.jpg,20
752,00884.jpg,20
753,00885.jpg,20
754,00886.jpg,20
755,00887.jpg,20
756,00888.jpg,20
757,00889.jpg,20
758,00890.jpg,20
759,00891.jpg,20
760,00892.jpg,20
761,00893.jpg,20
762,00894.jpg,20
763,00896.jpg,20
764,00898.jpg,13
765,00899.jpg,20
766,00900.jpg,16
767,00901.jpg,20
768,00902.jpg,21
769,00903.jpg,5
770,00906.jpg,20
771,00907.jpg,13
772,00908.jpg,13
773,00910.jpg,17
774,00911.jpg,16
775,00912.jpg,13
776,00913.jpg,16
777,00915.jpg,8
778,00916.jpg,15
779,00917.jpg,16
780,00918.jpg,6
781,00919.jpg,4
782,00920.jpg,16
783,00921.jpg,15
784,00922.jpg,15
785,00923.jpg,11
786,00924.jpg,8
787,00925.jpg,5
788,00926.jpg,8
789,00927.jpg,16
790,00928.jpg,15
791,00929.jpg,8
792,00930.jpg,8
793,00931.jpg,8
794,00932.jpg,15
795,00933.jpg,21
796,00934.jpg,16
797,00935.jpg,16
798,00936.jpg,13
799,00937.jpg,16
800,00938.jpg,16
801,00939.jpg,21
802,00940.jpg,20
803,00941.jpg,20
804,00942.jpg,13
805,00943.jpg,13
806,00944.jpg,13
807,00945.jpg,15
808,00946.jpg,15
809,00947.jpg,16
810,00948.jpg,13
811,00949.jpg,20
812,00950.jpg,16
813,00951.jpg,6
814,00952.jpg,20
815,00953.jpg,16
816,00954.jpg,16
817,00955.jpg,9
818,00956.jpg,21
819,00957.jpg,15
820,00958.jpg,20
821,00959.jpg,20
822,00960.jpg,20
823,00961.jpg,20
824,00962.jpg,20
825,00963.jpg,15
826,00964.jpg,15
827,00966.jpg,20
828,00967.jpg,20
829,00968.jpg,20
830,00969.jpg,20
831,00970.jpg,20
832,00971.jpg,20
833,00972.jpg,20
834,00973.jpg,20
835,00974.jpg,20
836,00975.jpg,21
837,00976.jpg,16
838,00977.jpg,20
839,00979.jpg,20
840,00980.jpg,15
841,00983.jpg,20
842,00985.jpg,20
843,00986.jpg,20
844,00987.jpg,20
845,00988.jpg,20
846,00989.jpg,20
847,00990.jpg,20
848,00991.jpg,20
849,00993.jpg,20
850,00994.jpg,20
851,00995.jpg,20
852,00997.jpg,13
853,00998.jpg,20
854,00999.jpg,20
855,01001.jpg,13
856,01002.jpg,20
857,01003.jpg,21
858,01004.jpg,16
859,01005.jpg,13
860,01006.jpg,16
861,01007.jpg,16
862,01008.jpg,21
863,01009.jpg,16
864,01010.jpg,16
865,01011.jpg,16
866,01012.jpg,16
867,01013.jpg,20
868,01014.jpg,20
869,01015.jpg,21
870,01016.jpg,21
871,01017.jpg,21
872,01018.jpg,16
873,01019.jpg,20
874,01020.jpg,20
875,01021.jpg,21
876,01022.jpg,21
877,01023.jpg,21
878,01024.jpg,20
879,01025.jpg,20
880,01026.jpg,20
881,01029.jpg,20
882,01030.jpg,20
883,01031.jpg,11
884,01032.jpg,20
885,01033.jpg,20
886,01034.jpg,20
887,01035.jpg,20
888,01036.jpg,16
889,01037.jpg,13
890,01038.jpg,20
891,01039.jpg,20
892,01040.jpg,20
893,01041.jpg,20
894,01042.jpg,20
895,01043.jpg,13
896,01044.jpg,20
897,01045.jpg,20
898,01046.jpg,20
899,01047.jpg,15
900,01048.jpg,15
901,01049.jpg,21
902,01050.jpg,20
903,01052.jpg,15
904,01053.jpg,16
905,01054.jpg,16
906,01055.jpg,13
907,01056.jpg,15
908,01057.jpg,15
909,01058.jpg,16
910,01059.jpg,13
911,01060.jpg,13
912,01063.jpg,16
913,01068.jpg,16
914,01069.jpg,10
915,01070.jpg,16
916,01071.jpg,16
917,01072.jpg,15
918,01073.jpg,5
919,01074.jpg,13
920,01075.jpg,21
921,01076.jpg,20
922,01077.jpg,8
923,01078.jpg,20
924,01079.jpg,20
925,01080.jpg,13
926,01081.jpg,5
927,01082.jpg,15
928,01083.jpg,5
929,01084.jpg,5
930,01085.jpg,5
931,01086.jpg,13
932,01087.jpg,13
933,01088.jpg,5
934,01089.jpg,19
935,01090.jpg,13
936,01091.jpg,13
937,01092.jpg,13
938,01093.jpg,13
939,01094.jpg,5
940,01095.jpg,13
941,01096.jpg,13
942,01097.jpg,13
943,01098.jpg,13
944,01099.jpg,13
945,01100.jpg,13
946,01101.jpg,13
947,01102.jpg,13
948,01103.jpg,10
949,01104.jpg,13
950,01106.jpg,10
951,01107.jpg,20
952,01108.jpg,20
953,01109.jpg,20
954,01110.jpg,20
955,01113.jpg,15
956,01114.jpg,20
957,01115.jpg,11
958,01116.jpg,15
959,01117.jpg,13
960,01118.jpg,15
961,01119.jpg,5
962,01120.jpg,20
963,01121.jpg,20
964,01122.jpg,5
965,01123.jpg,20
966,01124.jpg,16
967,01125.jpg,16
968,01127.jpg,19
969,01130.jpg,15
970,01131.jpg,13
971,01132.jpg,13
972,01133.jpg,13
973,01134.jpg,20
974,01135.jpg,6
975,01136.jpg,5
976,01137.jpg,5
977,01138.jpg,15
978,01139.jpg,15
979,01140.jpg,20
980,01142.jpg,15
981,01143.jpg,15
982,01144.jpg,20
983,01145.jpg,20
984,01146.jpg,16
985,01148.jpg,16
986,01149.jpg,21
987,01150.jpg,15
988,01152.jpg,16
989,01153.jpg,15
990,01154.jpg,15
991,01156.jpg,5
992,01157.jpg,5
993,01158.jpg,5
994,01159.jpg,5
995,01160.jpg,5
996,01161.jpg,5
997,01162.jpg,5
998,01163.jpg,13
999,01164.jpg,13
1000,01165.jpg,15
1001,01166.jpg,13
1002,01167.jpg,15
1003,01168.jpg,16
1004,01169.jpg,16
1005,01170.jpg,15
1006,01171.jpg,5
1007,01172.jpg,14
1008,01173.jpg,21
1009,01174.jpg,20
1010,01175.jpg,13
1011,01176.jpg,15
1012,01177.jpg,20
1013,01178.jpg,20
1014,01181.jpg,20
1015,01182.jpg,20
1016,01183.jpg,20
1017,01184.jpg,20
1018,01185.jpg,2
1019,01187.jpg,5
1020,01188.jpg,5
1021,01189.jpg,20
1022,01191.jpg,13
1023,01192.jpg,4
1024,01194.jpg,21
1025,01195.jpg,21
1026,01196.jpg,21
1027,01197.jpg,5
1028,01198.jpg,13
1029,01199.jpg,20
1030,01200.jpg,20
1031,01201.jpg,20
1032,01203.jpg,13
1033,01204.jpg,20
1034,01205.jpg,8
1035,01206.jpg,16
1036,01207.jpg,13
1037,01208.jpg,21
1038,01209.jpg,20
1039,01210.jpg,21
1040,01211.jpg,15
1041,01212.jpg,16
1042,01213.jpg,16
1043,01214.jpg,15
1044,01215.jpg,2
1045,01216.jpg,2
1046,01217.jpg,2
1047,01218.jpg,2
1048,01219.jpg,2
1049,01220.jpg,2
1050,01221.jpg,11
1051,01222.jpg,2
1052,01223.jpg,20
1053,01224.jpg,20
1054,01225.jpg,20
1055,01227.jpg,20
1056,01228.jpg,20
1057,01229.jpg,20
1058,01230.jpg,20
1059,01231.jpg,20
1060,01232.jpg,13
1061,01233.jpg,20
1062,01236.jpg,20
1063,01237.jpg,20
1064,01238.jpg,13
1065,01241.jpg,13
1066,01242.jpg,6
1067,01244.jpg,5
1068,01245.jpg,5
1069,01246.jpg,4
1070,01247.jpg,11
1071,01248.jpg,4
1072,01249.jpg,4
1073,01250.jpg,5
1074,01251.jpg,15
1075,01252.jpg,15
1076,01253.jpg,15
1077,01254.jpg,14
1078,01255.jpg,15
1079,01256.jpg,15
1080,01257.jpg,15
1081,01258.jpg,15
1082,01259.jpg,15
1083,01260.jpg,15
1084,01261.jpg,15
1085,01263.jpg,20
1086,01264.jpg,20
1087,01265.jpg,15
1088,01266.jpg,20
1089,01267.jpg,10
1090,01268.jpg,13
1091,01269.jpg,5
1092,01270.jpg,20
1093,01272.jpg,13
1094,01273.jpg,20
1095,01274.jpg,13
1096,01275.jpg,13
1097,01277.jpg,20
1098,01278.jpg,20
1099,01280.jpg,15
1100,01281.jpg,20
1101,01282.jpg,11
1102,01283.jpg,15
1103,01284.jpg,20
1104,01285.jpg,13
1105,01286.jpg,20
1106,01287.jpg,20
1107,01288.jpg,20
1108,01289.jpg,10
1109,01291.jpg,17
1110,01292.jpg,20
1111,01293.jpg,13
1112,01294.jpg,13
1113,01295.jpg,13
1114,01297.jpg,13
1115,01298.jpg,13
1116,01300.jpg,20
1117,01301.jpg,20
1118,01302.jpg,20
1119,01303.jpg,13
1120,01304.jpg,13
1121,01305.jpg,13
1122,01306.jpg,13
1123,01307.jpg,13
1124,01308.jpg,6
1125,01309.jpg,6
1126,01310.jpg,13
1127,01312.jpg,13
1128,01313.jpg,13
1129,01314.jpg,15
1130,01315.jpg,13
1131,01316.jpg,5
1132,01317.jpg,20
1133,01318.jpg,16
1134,01319.jpg,13
1135,01320.jpg,20
1136,01321.jpg,13
1137,01322.jpg,13
1138,01323.jpg,13
1139,01324.jpg,13
1140,01325.jpg,4
1141,01326.jpg,13
1142,01327.jpg,13
1143,01328.jpg,13
1144,01330.jpg,15
1145,01331.jpg,5
1146,01332.jpg,16
1147,01334.jpg,16
1148,01335.jpg,16
1149,01337.jpg,16
1150,01338.jpg,15
1151,01339.jpg,16
1152,01340.jpg,20
1153,01341.jpg,13
1154,01342.jpg,15
1155,01343.jpg,21
1156,01344.jpg,20
1157,01345.jpg,20
1158,01347.jpg,20
1159,01348.jpg,20
1160,01349.jpg,13
1161,01350.jpg,13
1162,01351.jpg,20
1163,01352.jpg,20
1164,01354.jpg,20
1165,01355.jpg,2
1166,01356.jpg,20
1167,01357.jpg,5
1168,01358.jpg,20
1169,01359.jpg,21
1170,01360.jpg,20
1171,01361.jpg,16
1172,01362.jpg,15
1173,01364.jpg,15
1174,01367.jpg,15
1175,01368.jpg,15
1176,01369.jpg,15
1177,01371.jpg,20
1178,01372.jpg,13
1179,01373.jpg,21
1180,01375.jpg,20
1181,01377.jpg,15
1182,01378.jpg,13
1183,01379.jpg,15
1184,01380.jpg,15
1185,01382.jpg,4
1186,01384.jpg,4
1187,01385.jpg,19
1188,01387.jpg,21
1189,01388.jpg,13
1190,01389.jpg,21
1191,01390.jpg,20
1192,01391.jpg,20
1193,01392.jpg,20
1194,01393.jpg,20
1195,01394.jpg,20
1196,01395.jpg,20
1197,01396.jpg,20
1198,01397.jpg,20
1199,01398.jpg,20
1200,01399.jpg,20
1201,01400.jpg,20
1202,01401.jpg,14
1203,01402.jpg,20
1204,01404.jpg,20
1205,01405.jpg,20
1206,01406.jpg,16
1207,01407.jpg,16
1208,01409.jpg,16
1209,01410.jpg,20
1210,01411.jpg,20
1211,01412.jpg,8
1212,01413.jpg,16
1213,01414.jpg,20
1214,01415.jpg,8
1215,01416.jpg,20
1216,01417.jpg,20
1217,01418.jpg,20
1218,01419.jpg,20
1219,01420.jpg,20
1220,01421.jpg,20
1221,01423.jpg,21
1222,01424.jpg,20
1223,01425.jpg,20
1224,01426.jpg,20
1225,01427.jpg,20
1226,01428.jpg,16
1227,01429.jpg,15
1228,01430.jpg,20
1229,01431.jpg,20
1230,01432.jpg,21
1231,01433.jpg,20
1232,01434.jpg,15
1233,01436.jpg,15
1234,01437.jpg,20
1235,01438.jpg,15
1236,01439.jpg,20
1237,01440.jpg,20
1238,01441.jpg,20
1239,01442.jpg,20
1240,01444.jpg,20
1241,01445.jpg,20
1242,01446.jpg,20
1243,01447.jpg,20
1244,01448.jpg,20
1245,01449.jpg,20
1246,01451.jpg,20
1247,01452.jpg,20
1248,01453.jpg,14
1249,01454.jpg,14
1250,01455.jpg,20
1251,01456.jpg,20
1252,01457.jpg,20
1253,01458.jpg,20
1254,01459.jpg,20
1255,01460.jpg,16
1256,01461.jpg,20
1257,01462.jpg,20
1258,01465.jpg,5
1259,01466.jpg,5
1260,01468.jpg,21
1261,01470.jpg,21
1262,01471.jpg,20
1263,01473.jpg,20
1264,01474.jpg,8
1265,01475.jpg,20
1266,01476.jpg,21
1267,01477.jpg,20
1268,01478.jpg,15
1269,01480.jpg,15
1270,01481.jpg,21
1271,01482.jpg,15
1272,01483.jpg,20
1273,01484.jpg,15
1274,01485.jpg,21
1275,01486.jpg,10
1276,01487.jpg,19
1277,01488.jpg,19
1278,01489.jpg,21
1279,01490.jpg,15
1280,01491.jpg,8
1281,01492.jpg,8
1282,01493.jpg,6
1283,01494.jpg,6
1284,01495.jpg,8
1285,01496.jpg,15
1286,01497.jpg,19
1287,01498.jpg,19
1288,01499.jpg,6
1289,01500.jpg,16
1290,01501.jpg,17
1291,01502.jpg,20
1292,01504.jpg,13
1293,01506.jpg,15
1294,01507.jpg,20
1295,01508.jpg,13
1296,01509.jpg,20
1297,01510.jpg,20
1298,01511.jpg,20
1299,01512.jpg,20
1300,01513.jpg,15
1301,01514.jpg,20
1302,01515.jpg,15
1303,01516.jpg,15
1304,01518.jpg,15
1305,01519.jpg,16
1306,01520.jpg,15
1307,01521.jpg,4
1308,01522.jpg,15
1309,01523.jpg,15
1310,01525.jpg,4
1311,01527.jpg,20
1312,01528.jpg,15
1313,01529.jpg,14
1314,01530.jpg,16
1315,01531.jpg,15
1316,01532.jpg,15
1317,01533.jpg,15
1318,01534.jpg,15
1319,01535.jpg,20
1320,01536.jpg,16
1321,01537.jpg,14
1322,01538.jpg,13
1323,01540.jpg,13
1324,01541.jpg,13
1325,01542.jpg,8
1326,01543.jpg,13
1327,01544.jpg,20
1328,01545.jpg,20
1329,01546.jpg,15
1330,01547.jpg,20
1331,01548.jpg,20
1332,01549.jpg,20
1333,01550.jpg,20
1334,01552.jpg,15
1335,01553.jpg,20
1336,01554.jpg,15
1337,01555.jpg,15
1338,01556.jpg,20
1339,01557.jpg,15
1340,01558.jpg,15
1341,01559.jpg,16
1342,01560.jpg,8
1343,01561.jpg,15
1344,01562.jpg,15
1345,01563.jpg,15
1346,01564.jpg,15
1347,01565.jpg,15
1348,01566.jpg,15
1349,01567.jpg,21
1350,01568.jpg,15
1351,01569.jpg,15
1352,01570.jpg,15
1353,01571.jpg,15
1354,01572.jpg,15
1355,01573.jpg,15
1356,01574.jpg,15
1357,01575.jpg,15
1358,01576.jpg,15
1359,01579.jpg,15
1360,01580.jpg,20
1361,01581.jpg,20
1362,01582.jpg,20
1363,01583.jpg,20
1364,01584.jpg,20
1365,01585.jpg,20
1366,01586.jpg,20
1367,01587.jpg,20
1368,01588.jpg,20
1369,01589.jpg,20
1370,01591.jpg,20
1371,01593.jpg,21
1372,01594.jpg,20
1373,01595.jpg,20
1374,01596.jpg,20
1375,01597.jpg,16
1376,01598.jpg,14
1377,01599.jpg,13
1378,01600.jpg,20
1379,01601.jpg,20
1380,01602.jpg,20
1381,01604.jpg,20
1382,01605.jpg,13
1383,01606.jpg,20
1384,01607.jpg,13
1385,01608.jpg,20
1386,01609.jpg,20
1387,01610.jpg,20
1388,01611.jpg,20
1389,01612.jpg,5
1390,01613.jpg,5
1391,01614.jpg,5
1392,01615.jpg,5
1393,01616.jpg,5
1394,01617.jpg,13
1395,01619.jpg,13
1396,01620.jpg,5
1397,01621.jpg,20
1398,01622.jpg,20
1399,01623.jpg,20
1400,01624.jpg,20
1401,01626.jpg,20
1402,01627.jpg,20
1403,01628.jpg,20
1404,01629.jpg,20
1405,01630.jpg,20
1406,01631.jpg,15
1407,01632.jpg,16
1408,01633.jpg,20
1409,01635.jpg,16
1410,01636.jpg,20
1411,01637.jpg,13
1412,01638.jpg,13
1413,01639.jpg,13
1414,01640.jpg,20
1415,01641.jpg,16
1416,01642.jpg,20
1417,01643.jpg,20
1418,01644.jpg,5
1419,01645.jpg,5
1420,01647.jpg,13
1421,01649.jpg,13
1422,01650.jpg,16
1423,01651.jpg,20
1424,01653.jpg,13
1425,01654.jpg,13
1426,01655.jpg,13
1427,01656.jpg,20
1428,01657.jpg,20
1429,01658.jpg,16
1430,01660.jpg,20
1431,01661.jpg,5
1432,01662.jpg,13
1433,01663.jpg,20
1434,01664.jpg,13
1435,01665.jpg,20
1436,01666.jpg,20
1437,01667.jpg,20
1438,01668.jpg,13
1439,01669.jpg,20
1440,01670.jpg,16
1441,01671.jpg,13
1442,01672.jpg,13
1443,01673.jpg,20
1444,01674.jpg,6
1445,01675.jpg,20
1446,01676.jpg,13
1447,01677.jpg,13
1448,01678.jpg,5
1449,01680.jpg,20
1450,01681.jpg,13
1451,01682.jpg,13
1452,01683.jpg,13
1453,01684.jpg,20
1454,01685.jpg,20
1455,01686.jpg,21
1456,01687.jpg,16
1457,01688.jpg,16
1458,01689.jpg,21
1459,01690.jpg,21
1460,01691.jpg,20
1461,01692.jpg,13
1462,01693.jpg,13
1463,01694.jpg,20
1464,01695.jpg,5
1465,01696.jpg,20
1466,01697.jpg,20
1467,01700.jpg,2
1468,01702.jpg,20
1469,01703.jpg,15
1470,01704.jpg,20
1471,01705.jpg,15
1472,01706.jpg,15
1473,01707.jpg,21
1474,01708.jpg,5
1475,01709.jpg,13
1476,01710.jpg,13
1477,01712.jpg,13
1478,01713.jpg,13
1479,01715.jpg,20
1480,01716.jpg,20
1481,01717.jpg,5
1482,01719.jpg,20
1483,01720.jpg,20
1484,01721.jpg,13
1485,01722.jpg,13
1486,01724.jpg,21
1487,01725.jpg,20
1488,01726.jpg,5
1489,01727.jpg,21
1490,01728.jpg,5
1491,01729.jpg,21
1492,01730.jpg,20
1493,01731.jpg,20
1494,01732.jpg,5
1495,01733.jpg,5
1496,01734.jpg,20
1497,01735.jpg,20
1498,01736.jpg,5
1499,01737.jpg,5
1500,01738.jpg,11
1501,01739.jpg,10
1502,01740.jpg,20
1503,01741.jpg,20
1504,01742.jpg,21
1505,01743.jpg,20
1506,01745.jpg,0
1507,01747.jpg,14
1508,01748.jpg,20
1509,01749.jpg,20
1510,01750.jpg,20
1511,01751.jpg,20
1512,01752.jpg,5
1513,01753.jpg,20
1514,01754.jpg,20
1515,01755.jpg,6
1516,01756.jpg,5
1517,01757.jpg,5
1518,01758.jpg,20
1519,01759.jpg,13
1520,01760.jpg,20
1521,01761.jpg,21
1522,01762.jpg,5
1523,01763.jpg,20
1524,01764.jpg,13
1525,01765.jpg,13
1526,01766.jpg,20
1527,01767.jpg,0
1528,01768.jpg,5
1529,01769.jpg,5
1530,01770.jpg,5
1531,01771.jpg,20
1532,01772.jpg,5
1533,01773.jpg,5
1534,01774.jpg,20
1535,01775.jpg,20
1536,01776.jpg,13
1537,01777.jpg,4
1538,01778.jpg,20
1539,01780.jpg,13
1540,01781.jpg,20
1541,01782.jpg,20
1542,01783.jpg,20
1543,01785.jpg,20
1544,01786.jpg,5
1545,01788.jpg,6
1546,01789.jpg,5
1547,01790.jpg,20
1548,01791.jpg,20
1549,01792.jpg,20
1550,01793.jpg,5
1551,01794.jpg,5
1552,01795.jpg,11
1553,01796.jpg,13
1554,01797.jpg,5
1555,01798.jpg,20
1556,01799.jpg,20
1557,01800.jpg,11
1558,01801.jpg,20
1559,01802.jpg,7
1560,01803.jpg,21
1561,01804.jpg,5
1562,01805.jpg,21
1563,01806.jpg,20
1564,01807.jpg,6
1565,01808.jpg,5
1566,01809.jpg,5
1567,01810.jpg,20
1568,01811.jpg,17
1569,01813.jpg,17
1570,01815.jpg,17
1571,01816.jpg,17
1572,01817.jpg,17
1573,01818.jpg,5
1574,01819.jpg,13
1575,01820.jpg,20
1576,01821.jpg,20
1577,01822.jpg,20
1578,01824.jpg,20
1579,01826.jpg,5
1580,01827.jpg,13
1581,01828.jpg,14
1582,01830.jpg,20
1583,01831.jpg,20
1584,01832.jpg,17
1585,01833.jpg,5
1586,01834.jpg,0
1587,01837.jpg,0
1588,01838.jpg,13
1589,01839.jpg,20
1590,01840.jpg,4
1591,01841.jpg,21
1592,01842.jpg,21
1593,01843.jpg,20
1594,01844.jpg,4
1595,01845.jpg,5
1596,01847.jpg,5
1597,01848.jpg,4
1598,01849.jpg,0
1599,01850.jpg,20
1600,01851.jpg,20
1601,01852.jpg,0
1602,01853.jpg,4
1603,01854.jpg,4
1604,01855.jpg,5
1605,01857.jpg,5
1606,01858.jpg,5
1607,01859.jpg,5
1608,01860.jpg,5
1609,01861.jpg,5
1610,01862.jpg,5
1611,01863.jpg,5
1612,01864.jpg,5
1613,01865.jpg,5
1614,01866.jpg,5
1615,01867.jpg,5
1616,01868.jpg,5
1617,01869.jpg,20
1618,01870.jpg,20
1619,01871.jpg,20
1620,01872.jpg,20
1621,01873.jpg,20
1622,01874.jpg,20
1623,01875.jpg,20
1624,01877.jpg,20
1625,01878.jpg,13
1626,01880.jpg,20
1627,01881.jpg,4
1628,01882.jpg,20
1629,01883.jpg,5
1630,01884.jpg,13
1631,01885.jpg,10
1632,01886.jpg,10
1633,01887.jpg,6
1634,01888.jpg,10
1635,01889.jpg,10
1636,01890.jpg,5
1637,01891.jpg,10
1638,01892.jpg,10
1639,01893.jpg,10
1640,01894.jpg,5
1641,01895.jpg,13
1642,01896.jpg,10
1643,01897.jpg,10
1644,01898.jpg,5
1645,01899.jpg,5
1646,01900.jpg,21
1647,01901.jpg,20
1648,01902.jpg,20
1649,01903.jpg,20
1650,01904.jpg,5
1651,01905.jpg,6
1652,01906.jpg,20
1653,01907.jpg,20
1654,01908.jpg,20
1655,01909.jpg,21
1656,01910.jpg,21
1657,01911.jpg,13
1658,01912.jpg,20
1659,01915.jpg,10
1660,01916.jpg,20
1661,01917.jpg,21
1662,01918.jpg,21
1663,01919.jpg,20
1664,01920.jpg,17
1665,01921.jpg,20
1666,01922.jpg,21
1667,01923.jpg,16
1668,01924.jpg,16
1669,01925.jpg,16
1670,01926.jpg,16
1671,01928.jpg,16
1672,01929.jpg,20
1673,01930.jpg,20
1674,01931.jpg,20
1675,01933.jpg,20
1676,01935.jpg,5
1677,01936.jpg,20
1678,01937.jpg,16
1679,01938.jpg,21
1680,01939.jpg,16
1681,01940.jpg,17
1682,01941.jpg,5
1683,01943.jpg,13
1684,01944.jpg,1
1685,01945.jpg,5
1686,01946.jpg,20
1687,01947.jpg,20
1688,01948.jpg,20
1689,01950.jpg,5
1690,01951.jpg,20
1691,01955.jpg,20
1692,01956.jpg,20
1693,01957.jpg,20
1694,01958.jpg,20
1695,01960.jpg,20
1696,01961.jpg,20
1697,01962.jpg,5
1698,01964.jpg,5
1699,01965.jpg,20
1700,01966.jpg,5
1701,01967.jpg,10
1702,01968.jpg,20
1703,01969.jpg,20
1704,01970.jpg,20
1705,01972.jpg,10
1706,01973.jpg,5
1707,01975.jpg,20
1708,01976.jpg,20
1709,01977.jpg,20
1710,01978.jpg,20
1711,01979.jpg,20
1712,01980.jpg,20
1713,01981.jpg,21
1714,01982.jpg,13
1715,01983.jpg,10
1716,01984.jpg,21
1717,01985.jpg,13
1718,01986.jpg,5
1719,01987.jpg,5
1720,01988.jpg,17
1721,01989.jpg,13
1722,01990.jpg,20
1723,01992.jpg,15
1724,01994.jpg,15
1725,01995.jpg,17
1726,01997.jpg,15
1727,01998.jpg,15
1728,01999.jpg,13
1729,02000.jpg,15
1730,02001.jpg,20
1731,02002.jpg,20
1732,02003.jpg,20
1733,02004.jpg,15
1734,02006.jpg,20
1735,02007.jpg,20
1736,02008.jpg,20
1737,02009.jpg,20
1738,02010.jpg,20
1739,02011.jpg,20
1740,02012.jpg,20
1741,02013.jpg,16
1742,02014.jpg,16
1743,02015.jpg,11
1744,02016.jpg,13
1745,02017.jpg,20
1746,02019.jpg,20
1747,02020.jpg,13
1748,02021.jpg,13
1749,02023.jpg,20
1750,02024.jpg,6
1751,02025.jpg,13
1752,02027.jpg,20
1753,02028.jpg,20
1754,02029.jpg,20
1755,02030.jpg,20
1756,02031.jpg,20
1757,02032.jpg,20
1758,02033.jpg,20
1759,02034.jpg,20
1760,02035.jpg,9
1761,02036.jpg,9
1762,02037.jpg,13
1763,02038.jpg,13
1764,02039.jpg,13
1765,02040.jpg,13
1766,02041.jpg,20
1767,02042.jpg,2
1768,02043.jpg,20
1769,02044.jpg,2
1770,02045.jpg,20
1771,02046.jpg,20
1772,02047.jpg,20
1773,02048.jpg,20
1774,02049.jpg,2
1775,02050.jpg,2
1776,02051.jpg,2
1777,02052.jpg,2
1778,02053.jpg,20
1779,02054.jpg,2
1780,02055.jpg,2
1781,02056.jpg,2
1782,02057.jpg,13
1783,02058.jpg,15
1784,02059.jpg,20
1785,02060.jpg,16
1786,02061.jpg,16
1787,02062.jpg,20
1788,02064.jpg,20
1789,02065.jpg,20
1790,02066.jpg,20
1791,02067.jpg,8
1792,02069.jpg,8
1793,02070.jpg,8
1794,02071.jpg,8
1795,02072.jpg,20
1796,02073.jpg,20
1797,02074.jpg,16
1798,02075.jpg,20
1799,02076.jpg,20
1800,02077.jpg,20
1801,02078.jpg,15
1802,02079.jpg,20
1803,02080.jpg,15
1804,02082.jpg,13
1805,02083.jpg,15
1806,02085.jpg,20
1807,02086.jpg,15
1808,02087.jpg,15
1809,02088.jpg,15
1810,02089.jpg,15
1811,02090.jpg,14
1812,02091.jpg,20
1813,02092.jpg,20
1814,02093.jpg,15
1815,02094.jpg,15
1816,02096.jpg,11
1817,02097.jpg,11
1818,02098.jpg,11
1819,02099.jpg,15
1820,02100.jpg,11
1821,02101.jpg,11
1822,02102.jpg,15
1823,02103.jpg,11
1824,02104.jpg,15
1825,02105.jpg,11
1826,02106.jpg,15
1827,02107.jpg,13
1828,02108.jpg,11
1829,02109.jpg,11
1830,02110.jpg,11
1831,02111.jpg,11
1832,02112.jpg,11
1833,02113.jpg,11
1834,02114.jpg,11
1835,02115.jpg,14
1836,02116.jpg,11
1837,02117.jpg,11
1838,02118.jpg,13
1839,02119.jpg,15
1840,02120.jpg,15
1841,02121.jpg,20
1842,02122.jpg,20
1843,02123.jpg,20
1844,02124.jpg,20
1845,02125.jpg,16
1846,02126.jpg,16
1847,02127.jpg,11
1848,02128.jpg,11
1849,02129.jpg,10
1850,02130.jpg,20
1851,02131.jpg,16
1852,02132.jpg,20
1853,02133.jpg,13
1854,02135.jpg,13
1855,02137.jpg,8
1856,02139.jpg,20
1857,02140.jpg,13
1858,02141.jpg,20
1859,02142.jpg,20
1860,02144.jpg,20
1861,02145.jpg,20
1862,02146.jpg,13
1863,02147.jpg,13
1864,02148.jpg,13
1865,02150.jpg,13
1866,02151.jpg,13
1867,02152.jpg,13
1868,02153.jpg,13
1869,02154.jpg,16
1870,02155.jpg,16
1871,02156.jpg,16
1872,02157.jpg,16
1873,02158.jpg,13
1874,02159.jpg,16
1875,02160.jpg,16
1876,02162.jpg,16
1877,02163.jpg,8
1878,02164.jpg,8
1879,02166.jpg,20
1880,02167.jpg,20
1881,02168.jpg,8
1882,02170.jpg,8
1883,02171.jpg,8
1884,02172.jpg,8
1885,02173.jpg,8
1886,02174.jpg,8
1887,02175.jpg,8
1888,02176.jpg,8
1889,02177.jpg,8
1890,02178.jpg,8
1891,02179.jpg,20
1892,02180.jpg,16
1893,02181.jpg,16
1894,02183.jpg,20
1895,02184.jpg,20
1896,02185.jpg,20
1897,02186.jpg,20
1898,02187.jpg,20
1899,02188.jpg,20
1900,02190.jpg,20
1901,02191.jpg,20
1902,02192.jpg,20
1903,02193.jpg,20
1904,02194.jpg,20
1905,02195.jpg,20
1906,02196.jpg,20
1907,02197.jpg,20
1908,02198.jpg,16
1909,02199.jpg,20
1910,02200.jpg,20
1911,02201.jpg,20
1912,02202.jpg,20
1913,02203.jpg,20
1914,02205.jpg,20
1915,02206.jpg,13
1916,02207.jpg,13
1917,02208.jpg,20
1918,02209.jpg,15
1919,02210.jpg,15
1920,02211.jpg,15
1921,02212.jpg,13
1922,02213.jpg,13
1923,02216.jpg,13
1924,02217.jpg,15
1925,02218.jpg,20
1926,02219.jpg,20
1927,02220.jpg,20
1928,02221.jpg,20
1929,02222.jpg,20
1930,02223.jpg,20
1931,02224.jpg,20
1932,02226.jpg,20
1933,02227.jpg,20
1934,02228.jpg,5
1935,02229.jpg,13
1936,02231.jpg,8
1937,02232.jpg,20
1938,02233.jpg,20
1939,02234.jpg,20
1940,02235.jpg,13
1941,02236.jpg,20
1942,02237.jpg,20
1943,02238.jpg,20
1944,02239.jpg,20
1945,02240.jpg,13
1946,02241.jpg,5
1947,02244.jpg,20
1948,02245.jpg,13
1949,02246.jpg,13
1950,02249.jpg,13
1951,02250.jpg,20
1952,02251.jpg,3
1953,02252.jpg,3
1954,02253.jpg,13
1955,02254.jpg,5
1956,02255.jpg,13
1957,02256.jpg,13
1958,02257.jpg,13
1959,02259.jpg,20
1960,02260.jpg,13
1961,02261.jpg,19
1962,02262.jpg,13
1963,02263.jpg,19
1964,02265.jpg,16
1965,02266.jpg,20
1966,02267.jpg,6
1967,02268.jpg,20
1968,02269.jpg,20
1969,02270.jpg,20
1970,02271.jpg,20
1971,02272.jpg,20
1972,02273.jpg,20
1973,02274.jpg,20
1974,02275.jpg,13
1975,02276.jpg,13
1976,02277.jpg,13
1977,02278.jpg,13
1978,02279.jpg,13
1979,02280.jpg,20
1980,02281.jpg,13
1981,02282.jpg,13
1982,02283.jpg,13
1983,02284.jpg,20
1984,02285.jpg,13
1985,02286.jpg,13
1986,02287.jpg,13
1987,02289.jpg,17
1988,02290.jpg,13
1989,02291.jpg,13
1990,02292.jpg,13
1991,02294.jpg,13
1992,02295.jpg,13
1993,02296.jpg,13
1994,02299.jpg,20
1995,02301.jpg,20
1996,02302.jpg,20
1997,02303.jpg,17
1998,02304.jpg,20
1999,02305.jpg,17
2000,02306.jpg,20
2001,02307.jpg,17
2002,02308.jpg,20
2003,02309.jpg,17
2004,02310.jpg,20
2005,02311.jpg,20
2006,02312.jpg,17
2007,02313.jpg,20
2008,02314.jpg,20
2009,02315.jpg,20
2010,02316.jpg,6
2011,02317.jpg,13
2012,02318.jpg,13
2013,02319.jpg,20
2014,02320.jpg,20
2015,02321.jpg,20
2016,02322.jpg,20
2017,02323.jpg,8
2018,02324.jpg,16
2019,02326.jpg,16
2020,02327.jpg,20
2021,02329.jpg,20
2022,02330.jpg,16
2023,02331.jpg,16
2024,02333.jpg,20
2025,02335.jpg,20
2026,02336.jpg,0
2027,02337.jpg,20
2028,02338.jpg,20
2029,02339.jpg,20
2030,02340.jpg,20
2031,02341.jpg,20
2032,02342.jpg,20
2033,02343.jpg,20
2034,02344.jpg,20
2035,02345.jpg,20
2036,02346.jpg,20
2037,02347.jpg,20
2038,02348.jpg,20
2039,02349.jpg,20
2040,02350.jpg,20
2041,02352.jpg,20
2042,02353.jpg,20
2043,02354.jpg,20
2044,02355.jpg,20
2045,02356.jpg,20
2046,02357.jpg,20
2047,02359.jpg,20
2048,02361.jpg,20
2049,02362.jpg,20
2050,02363.jpg,20
2051,02364.jpg,20
2052,02365.jpg,20
2053,02366.jpg,15
2054,02367.jpg,20
2055,02368.jpg,20
2056,02369.jpg,2
2057,02370.jpg,2
2058,02371.jpg,5
2059,02372.jpg,13
2060,02373.jpg,13
2061,02374.jpg,2
2062,02376.jpg,20
2063,02377.jpg,20
2064,02378.jpg,20
2065,02379.jpg,20
2066,02380.jpg,20
2067,02381.jpg,20
2068,02382.jpg,20
2069,02383.jpg,20
2070,02384.jpg,20
2071,02385.jpg,20
2072,02386.jpg,20
2073,02387.jpg,20
2074,02388.jpg,20
2075,02389.jpg,20
2076,02391.jpg,20
2077,02392.jpg,20
2078,02393.jpg,20
2079,02394.jpg,10
2080,02395.jpg,16
2081,02396.jpg,20
2082,02397.jpg,16
2083,02398.jpg,20
2084,02399.jpg,16
2085,02400.jpg,16
2086,02401.jpg,16
2087,02402.jpg,16
2088,02403.jpg,16
2089,02404.jpg,20
2090,02406.jpg,20
2091,02408.jpg,20
2092,02409.jpg,20
2093,02410.jpg,20
2094,02411.jpg,15
2095,02412.jpg,16
2096,02413.jpg,16
2097,02414.jpg,2
2098,02415.jpg,16
2099,02417.jpg,20
2100,02419.jpg,20
2101,02420.jpg,15
2102,02421.jpg,20
2103,02422.jpg,16
2104,02423.jpg,16
2105,02424.jpg,16
2106,02425.jpg,20
2107,02426.jpg,15
2108,02427.jpg,15
2109,02428.jpg,15
2110,02429.jpg,15
2111,02430.jpg,20
2112,02431.jpg,20
2113,02432.jpg,20
2114,02433.jpg,15
2115,02434.jpg,20
2116,02435.jpg,20
2117,02437.jpg,20
2118,02438.jpg,20
2119,02439.jpg,20
2120,02440.jpg,15
2121,02441.jpg,15
2122,02442.jpg,15
2123,02446.jpg,15
2124,02447.jpg,8
2125,02448.jpg,12
2126,02449.jpg,15
2127,02450.jpg,8
2128,02451.jpg,8
2129,02452.jpg,8
2130,02453.jpg,8
2131,02454.jpg,8
2132,02455.jpg,15
2133,02456.jpg,15
2134,02457.jpg,15
2135,02458.jpg,15
2136,02459.jpg,15
2137,02460.jpg,15
2138,02461.jpg,8
2139,02462.jpg,8
2140,02463.jpg,8
2141,02464.jpg,16
2142,02465.jpg,16
2143,02468.jpg,16
2144,02469.jpg,16
2145,02470.jpg,16
2146,02472.jpg,15
2147,02473.jpg,20
2148,02475.jpg,20
2149,02476.jpg,20
2150,02477.jpg,20
2151,02478.jpg,20
2152,02479.jpg,20
2153,02480.jpg,20
2154,02482.jpg,20
2155,02483.jpg,20
2156,02485.jpg,20
2157,02486.jpg,20
2158,02487.jpg,20
2159,02488.jpg,20
2160,02490.jpg,16
2161,02491.jpg,16
2162,02493.jpg,20
2163,02494.jpg,20
2164,02495.jpg,20
2165,02496.jpg,20
2166,02497.jpg,20
2167,02498.jpg,20
2168,02499.jpg,20
2169,02501.jpg,20
2170,02502.jpg,20
2171,02504.jpg,20
2172,02505.jpg,20
2173,02506.jpg,20
2174,02509.jpg,20
2175,02511.jpg,20
2176,02512.jpg,20
2177,02513.jpg,20
2178,02514.jpg,20
2179,02515.jpg,20
2180,02516.jpg,20
2181,02517.jpg,16
2182,02518.jpg,16
2183,02519.jpg,20
2184,02520.jpg,16
2185,02521.jpg,20
2186,02522.jpg,20
2187,02523.jpg,20
2188,02524.jpg,20
2189,02525.jpg,20
2190,02526.jpg,20
2191,02527.jpg,20
2192,02528.jpg,20
2193,02529.jpg,20
2194,02530.jpg,20
2195,02531.jpg,20
2196,02532.jpg,20
2197,02534.jpg,16
2198,02535.jpg,16
2199,02536.jpg,16
2200,02537.jpg,16
2201,02538.jpg,16
2202,02539.jpg,16
2203,02540.jpg,16
2204,02541.jpg,20
2205,02543.jpg,20
2206,02545.jpg,20
2207,02546.jpg,20
2208,02547.jpg,20
2209,02548.jpg,20
2210,02549.jpg,20
2211,02550.jpg,11
2212,02551.jpg,11
2213,02552.jpg,16
2214,02553.jpg,11
2215,02554.jpg,11
2216,02555.jpg,16
2217,02556.jpg,16
2218,02557.jpg,16
2219,02558.jpg,16
2220,02559.jpg,16
2221,02560.jpg,20
2222,02561.jpg,20
2223,02563.jpg,11
2224,02564.jpg,11
2225,02565.jpg,11
2226,02566.jpg,16
2227,02567.jpg,16
2228,02568.jpg,16
2229,02569.jpg,16
2230,02570.jpg,16
2231,02572.jpg,16
2232,02573.jpg,16
2233,02574.jpg,16
2234,02575.jpg,16
2235,02576.jpg,16
2236,02577.jpg,16
2237,02578.jpg,16
2238,02579.jpg,16
2239,02580.jpg,16
2240,02581.jpg,16
2241,02583.jpg,16
2242,02584.jpg,16
2243,02585.jpg,16
2244,02586.jpg,16
2245,02587.jpg,16
2246,02588.jpg,11
2247,02589.jpg,11
2248,02590.jpg,16
2249,02591.jpg,16
2250,02592.jpg,11
2251,02593.jpg,11
2252,02595.jpg,16
2253,02597.jpg,11
2254,02599.jpg,11
2255,02600.jpg,11
2256,02602.jpg,11
2257,02603.jpg,11
2258,02604.jpg,11
2259,02605.jpg,11
2260,02606.jpg,11
2261,02607.jpg,11
2262,02608.jpg,11
2263,02609.jpg,11
2264,02610.jpg,11
2265,02612.jpg,11
2266,02613.jpg,11
2267,02614.jpg,11
2268,02615.jpg,11
2269,02616.jpg,11
2270,02617.jpg,11
2271,02618.jpg,11
2272,02619.jpg,11
2273,02620.jpg,11
2274,02621.jpg,11
2275,02622.jpg,11
2276,02625.jpg,11
2277,02626.jpg,11
2278,02628.jpg,11
2279,02629.jpg,11
2280,02630.jpg,16
2281,02631.jpg,16
2282,02632.jpg,11
2283,02633.jpg,11
2284,02634.jpg,11
2285,02635.jpg,11
2286,02636.jpg,11
2287,02637.jpg,11
2288,02638.jpg,11
2289,02640.jpg,16
2290,02641.jpg,16
2291,02643.jpg,11
2292,02644.jpg,11
2293,02645.jpg,15
2294,02646.jpg,15
2295,02647.jpg,15
2296,02648.jpg,15
2297,02649.jpg,15
2298,02651.jpg,15
2299,02652.jpg,15
2300,02653.jpg,15
2301,02654.jpg,15
2302,02655.jpg,15
2303,02656.jpg,15
2304,02657.jpg,15
2305,02658.jpg,20
2306,02661.jpg,15
2307,02662.jpg,15
2308,02663.jpg,20
2309,02664.jpg,20
2310,02665.jpg,16
2311,02667.jpg,15
2312,02668.jpg,20
2313,02669.jpg,20
2314,02670.jpg,20
2315,02671.jpg,20
2316,02672.jpg,20
2317,02673.jpg,20
2318,02674.jpg,20
2319,02675.jpg,20
2320,02676.jpg,20
2321,02677.jpg,20
2322,02678.jpg,20
2323,02679.jpg,20
2324,02680.jpg,20
2325,02681.jpg,20
2326,02682.jpg,20
2327,02683.jpg,20
2328,02684.jpg,20
2329,02685.jpg,20
2330,02686.jpg,20
2331,02687.jpg,20
2332,02688.jpg,20
2333,02689.jpg,20
2334,02691.jpg,20
2335,02692.jpg,20
2336,02693.jpg,10
2337,02695.jpg,20
2338,02696.jpg,20
2339,02697.jpg,20
2340,02698.jpg,20
2341,02699.jpg,20
2342,02700.jpg,20
2343,02701.jpg,20
2344,02702.jpg,16
2345,02703.jpg,16
2346,02704.jpg,16
2347,02706.jpg,8
2348,02707.jpg,8
2349,02709.jpg,20
2350,02710.jpg,8
2351,02711.jpg,8
2352,02712.jpg,15
2353,02714.jpg,15
2354,02716.jpg,15
2355,02717.jpg,20
2356,02718.jpg,15
2357,02719.jpg,15
2358,02720.jpg,15
2359,02721.jpg,15
2360,02722.jpg,15
2361,02723.jpg,15
2362,02724.jpg,15
2363,02725.jpg,15
2364,02726.jpg,15
2365,02728.jpg,15
2366,02729.jpg,15
2367,02730.jpg,16
2368,02732.jpg,15
2369,02733.jpg,20
2370,02734.jpg,20
2371,02735.jpg,15
2372,02736.jpg,15
2373,02738.jpg,15
2374,02739.jpg,15
2375,02740.jpg,15
2376,02741.jpg,15
2377,02742.jpg,15
2378,02743.jpg,15
2379,02744.jpg,15
2380,02745.jpg,15
2381,02746.jpg,20
2382,02749.jpg,16
2383,02750.jpg,16
2384,02751.jpg,16
2385,02752.jpg,20
2386,02753.jpg,16
2387,02754.jpg,16
2388,02755.jpg,16
2389,02757.jpg,16
2390,02758.jpg,16
2391,02759.jpg,16
2392,02760.jpg,15
2393,02761.jpg,16
2394,02762.jpg,20
2395,02763.jpg,16
2396,02764.jpg,16
2397,02765.jpg,16
2398,02766.jpg,16
2399,02767.jpg,20
2400,02768.jpg,16
2401,02769.jpg,20
2402,02771.jpg,16
2403,02772.jpg,16
2404,02773.jpg,15
2405,02774.jpg,16
2406,02775.jpg,15
2407,02776.jpg,15
2408,02777.jpg,16
2409,02778.jpg,16
2410,02779.jpg,16
2411,02780.jpg,16
2412,02782.jpg,16
2413,02785.jpg,20
2414,02786.jpg,20
2415,02787.jpg,20
2416,02789.jpg,16
2417,02790.jpg,16
2418,02791.jpg,16
2419,02792.jpg,16
2420,02793.jpg,16
2421,02794.jpg,20
2422,02795.jpg,20
2423,02796.jpg,15
2424,02797.jpg,15
2425,02798.jpg,15
2426,02799.jpg,15
2427,02801.jpg,15
2428,02803.jpg,15
2429,02804.jpg,15
2430,02805.jpg,15
2431,02806.jpg,15
2432,02807.jpg,15
2433,02808.jpg,15
2434,02809.jpg,15
2435,02810.jpg,11
2436,02811.jpg,15
2437,02812.jpg,20
2438,02813.jpg,20
2439,02814.jpg,16
2440,02815.jpg,20
2441,02816.jpg,15
2442,02817.jpg,16
2443,02818.jpg,16
2444,02820.jpg,16
2445,02822.jpg,16
2446,02823.jpg,16
2447,02825.jpg,16
2448,02827.jpg,16
2449,02828.jpg,16
2450,02829.jpg,15
2451,02830.jpg,15
2452,02831.jpg,15
2453,02832.jpg,20
2454,02833.jpg,20
2455,02834.jpg,20
2456,02835.jpg,20
2457,02837.jpg,8
2458,02838.jpg,20
2459,02839.jpg,20
2460,02840.jpg,20
2461,02841.jpg,20
2462,02843.jpg,14
2463,02844.jpg,14
2464,02845.jpg,14
2465,02846.jpg,14
2466,02847.jpg,14
2467,02848.jpg,14
2468,02849.jpg,14
2469,02850.jpg,15
2470,02851.jpg,15
2471,02852.jpg,15
2472,02853.jpg,15
2473,02854.jpg,15
2474,02855.jpg,15
2475,02856.jpg,15
2476,02857.jpg,11
2477,02858.jpg,11
2478,02859.jpg,11
2479,02860.jpg,11
2480,02861.jpg,11
2481,02862.jpg,20
2482,02863.jpg,20
2483,02864.jpg,20
2484,02866.jpg,15
2485,02868.jpg,11
2486,02870.jpg,15
2487,02871.jpg,15
2488,02872.jpg,14
2489,02873.jpg,15
2490,02874.jpg,15
2491,02875.jpg,15
2492,02876.jpg,15
2493,02877.jpg,15
2494,02878.jpg,15
2495,02879.jpg,15
2496,02880.jpg,15
2497,02881.jpg,15
2498,02882.jpg,15
2499,02884.jpg,15
2500,02885.jpg,14
2501,02886.jpg,15
2502,02887.jpg,15
2503,02888.jpg,14
2504,02890.jpg,14
2505,02891.jpg,14
2506,02892.jpg,20
2507,02893.jpg,20
2508,02894.jpg,14
2509,02896.jpg,14
2510,02897.jpg,14
2511,02898.jpg,14
2512,02899.jpg,14
2513,02900.jpg,14
2514,02902.jpg,14
2515,02904.jpg,14
2516,02905.jpg,20
2517,02906.jpg,20
2518,02907.jpg,20
2519,02908.jpg,20
2520,02909.jpg,15
2521,02911.jpg,15
2522,02912.jpg,15
2523,02913.jpg,15
2524,02914.jpg,15
2525,02915.jpg,20
2526,02916.jpg,20
2527,02917.jpg,20
2528,02918.jpg,20
2529,02919.jpg,20
2530,02920.jpg,16
2531,02921.jpg,15
2532,02923.jpg,15
2533,02924.jpg,15
2534,02927.jpg,15
2535,02928.jpg,5
2536,02929.jpg,20
2537,02930.jpg,20
2538,02931.jpg,20
2539,02932.jpg,20
2540,02933.jpg,20
2541,02934.jpg,20
2542,02935.jpg,20
2543,02936.jpg,20
2544,02937.jpg,8
2545,02938.jpg,8
2546,02939.jpg,20
2547,02941.jpg,20
2548,02942.jpg,20
2549,02943.jpg,20
2550,02944.jpg,20
2551,02945.jpg,20
2552,02946.jpg,20
2553,02947.jpg,20
2554,02949.jpg,8
2555,02950.jpg,8
2556,02951.jpg,8
2557,02952.jpg,15
2558,02953.jpg,20
2559,02954.jpg,15
2560,02955.jpg,15
2561,02956.jpg,15
2562,02957.jpg,20
2563,02958.jpg,15
2564,02959.jpg,15
2565,02960.jpg,15
2566,02961.jpg,15
2567,02962.jpg,5
2568,02963.jpg,20
2569,02964.jpg,20
2570,02965.jpg,15
2571,02966.jpg,15
2572,02968.jpg,15
2573,02969.jpg,15
2574,02971.jpg,15
2575,02972.jpg,15
2576,02973.jpg,15
2577,02974.jpg,15
2578,02975.jpg,15
2579,02976.jpg,15
2580,02978.jpg,15
2581,02979.jpg,15
2582,02981.jpg,15
2583,02983.jpg,16
2584,02984.jpg,20
2585,02985.jpg,20
2586,02986.jpg,8
2587,02987.jpg,8
2588,02988.jpg,8
2589,02989.jpg,15
2590,02991.jpg,15
2591,02992.jpg,8
2592,02993.jpg,15
2593,02994.jpg,8
2594,02995.jpg,8
2595,02996.jpg,8
2596,02997.jpg,8
2597,02998.jpg,15
2598,02999.jpg,20
2599,03000.jpg,20
